method,oos_r2_median,oos_r2_mean
HCGL,0.03750038989132008,0.07586434773475438
FCGL,0.08787284916775796,0.16252122082774123
LASSO,0.11834902936426603,0.18762943955903771
