rho_cut,recovery,recovery_se,flip,false_sign
0.3,0.6834333333333333,0.0019173056905749566,0.03001666666666667,0.45857777777777775
0.4,0.6840333333333334,0.0019270861711690815,0.029966666666666666,0.45919444444444446
0.5,0.6968833333333333,0.002234959296174218,0.032350000000000004,0.4787444444444445
0.6,0.7157166666666668,0.0026837347008309975,0.044533333333333334,0.5278222222222222
0.7,0.7244333333333333,0.0029661151172685274,0.05446666666666667,0.5614388888888889
